[ {
  "name" : "Street",
  "houses" : 0,
  "jobs" : 0,
  "electricity" : -1,
  "environment" : 0,
  "water" : 0,
  "mpt" : 0.0,
  "needsConnection" : true,
  "needsElectricity" : false,
  "entertainment" : 0,
  "inShop" : true,
  "breakable" : true,
  "notPlaceOn" : [ "Water", "Mountain" ],
  "width" : 1,
  "height" : 1,
  "information" : "",
  "className" : "Street"
}, {
  "animated": false,
  "name" : "Bridge",
  "houses" : 0,
  "jobs" : 0,
  "electricity" : -1,
  "environment" : 0,
  "water" : 0,
  "mpt" : 0.0,
  "needsConnection" : true,
  "needsElectricity" : false,
  "entertainment" : 0,
  "inShop" : true,
  "breakable" : true,
  "notPlaceOn" : [ "Sand", "Grass", "Mountain" ],
  "width" : 1,
  "height" : 1,
  "information" : "",
  "className" : "Bridge"
}, {
  "animated": false,
  "name" : "Channel",
  "houses" : 0,
  "jobs" : 0,
  "electricity" : 0,
  "environment" : 0,
  "water" : 0,
  "mpt" : 0.0,
  "needsConnection" : false,
  "needsElectricity" : false,
  "entertainment" : 1,
  "inShop" : true,
  "breakable" : true,
  "notPlaceOn" : [ "Water", "Mountain" ],
  "width" : 1,
  "height" : 1,
  "information" : "",
  "className" : "Channel"
}, {
  "animated": false,
  "name" : "Town hall",
  "houses" : 0,
  "jobs" : 0,
  "electricity" : 0,
  "environment" : 0,
  "water" : 0,
  "mpt" : 0.0,
  "needsConnection" : false,
  "needsElectricity" : false,
  "entertainment" : 0,
  "inShop" : false,
  "breakable" : false,
  "notPlaceOn" : [ "Water", "Mountain" ],
  "width" : 1,
  "height" : 1,
  "information" : "",
  "className" : "TownHall"
}, {
  "animated": false,
  "name" : "House",
  "houses" : 2,
  "jobs" : 0,
  "electricity" : -2,
  "environment" : 0,
  "water" : -2,
  "mpt" : 0.0,
  "needsConnection" : true,
  "needsElectricity" : true,
  "entertainment" : 0,
  "inShop" : true,
  "breakable" : true,
  "notPlaceOn" : [ "Water", "Mountain" ],
  "width" : 1,
  "height" : 1,
  "information" : "",
  "className" : "House"
}, {
  "animated": false,
  "name" : "Big house",
  "houses" : 5,
  "jobs" : 0,
  "electricity" : -5,
  "environment" : 0,
  "water" : -5,
  "mpt" : 0.0,
  "needsConnection" : true,
  "needsElectricity" : true,
  "entertainment" : 0,
  "inShop" : true,
  "breakable" : true,
  "notPlaceOn" : [ "Water", "Mountain" ],
  "width" : 1,
  "height" : 1,
  "information" : "",
  "className" : "BigHouse"
}, {
  "animated": false,
  "name" : "Small appartment house",
  "houses" : 8,
  "jobs" : 0,
  "electricity" : -10,
  "environment" : 0,
  "water" : -10,
  "mpt" : 0.0,
  "needsConnection" : true,
  "needsElectricity" : true,
  "entertainment" : 0,
  "inShop" : true,
  "breakable" : true,
  "notPlaceOn" : [ "Water", "Mountain" ],
  "width" : 1,
  "height" : 1,
  "information" : "",
  "className" : "SmallAppartmentHouse"
}, {
  "animated": false,
  "name" : "Appartment house",
  "houses" : 12,
  "jobs" : 0,
  "electricity" : -20,
  "environment" : 0,
  "water" : -20,
  "mpt" : 0.0,
  "needsConnection" : true,
  "needsElectricity" : true,
  "entertainment" : 0,
  "inShop" : true,
  "breakable" : true,
  "notPlaceOn" : [ "Water", "Mountain" ],
  "width" : 1,
  "height" : 1,
  "information" : "",
  "className" : "AppartmentHouse"
}, {
  "animated": false,
  "name" : "Big appartment house",
  "houses" : 20,
  "jobs" : 0,
  "electricity" : -30,
  "environment" : 0,
  "water" : -30,
  "mpt" : 0.0,
  "needsConnection" : true,
  "needsElectricity" : true,
  "entertainment" : 0,
  "inShop" : true,
  "breakable" : true,
  "notPlaceOn" : [ "Water", "Mountain" ],
  "width" : 1,
  "height" : 1,
  "information" : "",
  "className" : "BigAppartmentHouse"
}, {
  "animated": false,
  "name" : "House sky scraper",
  "houses" : 380,
  "jobs" : 0,
  "electricity" : -200,
  "environment" : 0,
  "water" : -120,
  "mpt" : 0.0,
  "needsConnection" : true,
  "needsElectricity" : true,
  "entertainment" : 0,
  "inShop" : true,
  "breakable" : true,
  "notPlaceOn" : [ "Water", "Mountain" ],
  "width" : 2,
  "height" : 5,
  "information" : "",
  "className" : "HouseSkyScraper"
}, {
  "animated": false,
  "name" : "Office",
  "houses" : 0,
  "jobs" : 5,
  "electricity" : -5,
  "environment" : 0,
  "water" : -5,
  "mpt" : 0.0,
  "needsConnection" : true,
  "needsElectricity" : true,
  "entertainment" : 0,
  "inShop" : true,
  "breakable" : true,
  "notPlaceOn" : [ "Water", "Mountain" ],
  "width" : 1,
  "height" : 1,
  "information" : "",
  "className" : "Office"
}, {
  "animated": false,
  "name" : "Big office",
  "houses" : 0,
  "jobs" : 10,
  "electricity" : -10,
  "environment" : 0,
  "water" : -10,
  "mpt" : 0.0,
  "needsConnection" : true,
  "needsElectricity" : true,
  "entertainment" : 0,
  "inShop" : true,
  "breakable" : true,
  "notPlaceOn" : [ "Water", "Mountain" ],
  "width" : 1,
  "height" : 1,
  "information" : "",
  "className" : "BigOffice"
}, {
  "animated": false,
  "name" : "Office sky scraper",
  "houses" : 0,
  "jobs" : 530,
  "electricity" : -130,
  "environment" : 0,
  "water" : -80,
  "mpt" : 0.0,
  "needsConnection" : true,
  "needsElectricity" : true,
  "entertainment" : 0,
  "inShop" : true,
  "breakable" : true,
  "notPlaceOn" : [ "Water", "Mountain" ],
  "width" : 2,
  "height" : 5,
  "information" : "",
  "className" : "OfficeSkyScraper"
}, {
  "animated": true,
  "name" : "Turbine",
  "houses" : 0,
  "jobs" : 0,
  "electricity" : 35,
  "environment" : 0,
  "water" : 0,
  "mpt" : -0.01,
  "needsConnection" : true,
  "needsElectricity" : false,
  "entertainment" : 0,
  "inShop" : true,
  "breakable" : true,
  "notPlaceOn" : [ "Water", "Mountain" ],
  "width" : 1,
  "height" : 1,
  "information" : "",
  "className" : "Turbine"
}, {
  "animated": false,
  "name" : "Power plant",
  "houses" : 0,
  "jobs" : 0,
  "electricity" : 100,
  "environment" : 15,
  "water" : 0,
  "mpt" : -0.5,
  "needsConnection" : true,
  "needsElectricity" : false,
  "entertainment" : 0,
  "inShop" : true,
  "breakable" : true,
  "notPlaceOn" : [ "Water", "Mountain" ],
  "width" : 1,
  "height" : 1,
  "information" : "",
  "className" : "PowerPlant"
}, {
  "animated": false,
  "name" : "Solar power station",
  "houses" : 0,
  "jobs" : 0,
  "electricity" : 200,
  "environment" : 0,
  "water" : 0,
  "mpt" : -0.09,
  "needsConnection" : true,
  "needsElectricity" : false,
  "entertainment" : 0,
  "inShop" : true,
  "breakable" : true,
  "notPlaceOn" : [ "Grass", "Water", "Mountain" ],
  "width" : 2,
  "height" : 2,
  "information" : "",
  "className" : "SolarPowerStation"
}, {
  "animated": false,
  "name" : "Water tower",
  "houses" : 0,
  "jobs" : 0,
  "electricity" : 0,
  "environment" : 0,
  "water" : 35,
  "mpt" : 0.0,
  "needsConnection" : true,
  "needsElectricity" : false,
  "entertainment" : 0,
  "inShop" : true,
  "breakable" : true,
  "notPlaceOn" : [ "Water", "Mountain" ],
  "width" : 1,
  "height" : 1,
  "information" : "",
  "className" : "WaterTower"
}, {
  "animated": false,
  "name" : "Waterworks",
  "houses" : 0,
  "jobs" : 0,
  "electricity" : -50,
  "environment" : 9,
  "water" : 100,
  "mpt" : 0.0,
  "needsConnection" : true,
  "needsElectricity" : true,
  "entertainment" : 0,
  "inShop" : true,
  "breakable" : true,
  "notPlaceOn" : [ "Grass", "Sand", "Mountain" ],
  "width" : 1,
  "height" : 1,
  "information" : "",
  "className" : "Waterworks"
}, {
  "animated": false,
  "name" : "Tree",
  "houses" : 0,
  "jobs" : 0,
  "electricity" : 0,
  "environment" : -5,
  "water" : 0,
  "mpt" : 0.0,
  "needsConnection" : false,
  "needsElectricity" : false,
  "entertainment" : 0,
  "inShop" : true,
  "breakable" : true,
  "notPlaceOn" : [ "Water", "Sand", "Mountain" ],
  "width" : 1,
  "height" : 1,
  "information" : "",
  "className" : "Tree"
}, {
  "animated": false,
  "name" : "Park",
  "houses" : 0,
  "jobs" : 0,
  "electricity" : 0,
  "environment" : -20,
  "water" : 0,
  "mpt" : 0.0,
  "needsConnection" : true,
  "needsElectricity" : false,
  "entertainment" : 3,
  "inShop" : true,
  "breakable" : true,
  "notPlaceOn" : [ "Water", "Sand", "Mountain" ],
  "width" : 1,
  "height" : 1,
  "information" : "",
  "className" : "Park"
}, {
  "animated": false,
  "name" : "Grocery store",
  "houses" : 0,
  "jobs" : 3,
  "electricity" : -7,
  "environment" : 0,
  "water" : -1,
  "mpt" : 5.0E-4,
  "needsConnection" : true,
  "needsElectricity" : true,
  "entertainment" : 0,
  "inShop" : true,
  "breakable" : true,
  "notPlaceOn" : [ "Water", "Mountain" ],
  "width" : 1,
  "height" : 1,
  "information" : "",
  "className" : "GroceryStore"
}, {
  "animated": false,
  "name" : "Cinema",
  "houses" : 0,
  "jobs" : 5,
  "electricity" : -12,
  "environment" : 0,
  "water" : -8,
  "mpt" : 0.005,
  "needsConnection" : true,
  "needsElectricity" : true,
  "entertainment" : 5,
  "inShop" : true,
  "breakable" : true,
  "notPlaceOn" : [ "Water", "Mountain" ],
  "width" : 1,
  "height" : 1,
  "information" : "",
  "className" : "Cinema"
}, {
  "animated": false,
  "name" : "Factory",
  "houses" : 0,
  "jobs" : 200,
  "electricity" : -500,
  "environment" : 50,
  "water" : -500,
  "mpt" : 5.2,
  "needsConnection" : true,
  "needsElectricity" : true,
  "entertainment" : 0,
  "inShop" : true,
  "breakable" : true,
  "notPlaceOn" : [ "Water", "Mountain" ],
  "width" : 1,
  "height" : 1,
  "information" : "",
  "className" : "Factory"
}, {
  "animated": false,
  "name" : "Administration",
  "houses" : 0,
  "jobs" : 4,
  "electricity" : -4,
  "environment" : 0,
  "water" : -4,
  "mpt" : 0.0,
  "needsConnection" : true,
  "needsElectricity" : true,
  "entertainment" : 0,
  "inShop" : true,
  "breakable" : true,
  "notPlaceOn" : [ "Water", "Mountain" ],
  "width" : 1,
  "height" : 1,
  "information" : "Manages the city while you're offline, to get money even though you're not playing (1$/10s)",
  "className" : "Administration"
}, {
  "animated": false,
  "name" : "Mountain remover",
  "houses" : 0,
  "jobs" : 0,
  "electricity" : 0,
  "environment" : 0,
  "water" : 0,
  "mpt" : 0.0,
  "needsConnection" : true,
  "needsElectricity" : false,
  "entertainment" : 0,
  "inShop" : true,
  "breakable" : true,
  "notPlaceOn" : [ "Grass", "Sand", "Water" ],
  "width" : 1,
  "height" : 1,
  "information" : "Use this tool to remove mountains",
  "className" : "MountainRemover"
} ]